{"cameraMode":{"drawMode":0,"name":"Shaded","section":"Shading Mode"},"sceneLighting":true,"audioPlay":false,"sceneViewState":{"m_AlwaysRefresh":false,"showFog":true,"showSkybox":true,"showFlares":true,"showImageEffects":true,"showParticleSystems":true,"showVisualEffectGraphs":true,"m_FxEnabled":true},"in2DMode":false,"pivot":{"x":-13.046121597290039,"y":5.646799564361572,"z":10.097265243530274},"rotation":{"x":0.00725676491856575,"y":-0.7976183295249939,"z":0.009556666947901249,"w":0.6030940413475037},"size":13.510371208190918,"orthographic":false}